AGGLOMÉRATIONS (unités urbaines au sens de l'INSEE)	DÉPARTEMENTS	COMMUNES	CODE INSEE
Ajaccio	2A	Afa	2A001
Ajaccio	2A	Ajaccio	2A004
Ajaccio	2A	Alata	2A006
Ajaccio	2A	Appietto	2A017
Ajaccio	2A	Sarrola-Carcopino	2A271
Annecy	74	Annecy	74010
Annecy	74	Argonay	74019
Annecy	74	La Balme-de-Sillingy	74026
Annecy	74	Chavanod	74067
Annecy	74	Chevaline	74072
Annecy	74	Doussard	74104
Annecy	74	Duingt	74108
Annecy	74	Epagny Metz-Tessy	74112
Annecy	74	Lathuile	74147
Annecy	74	Lovagny	74152
Annecy	74	Poisy	74213
Annecy	74	Saint-Jorioz	74242
Annecy	74	Sevrier	74267
Annecy	74	Sillingy	74272
Arles	13	Arles	13004
Arles	30	Fourques	30117
Avignon	13	Barbentane	13010
Avignon	13	Cabannes	13018
Avignon	13	Châteaurenard	13027
Avignon	13	Eygalières	13034
Avignon	13	Eyragues	13036
Avignon	13	Graveson	13045
Avignon	13	Maillane	13052
Avignon	13	Mollégès	13064
Avignon	13	Noves	13066
Avignon	13	Plan-d'Orgon	13076
Avignon	13	Rognonas	13083
Avignon	13	Saint-Andiol	13089
Avignon	13	Verquières	13116
Avignon	30	Les Angles	30011
Avignon	30	Villeneuve-lès-Avignon	30351
Avignon	84	Althen-des-Paluds	84001
Avignon	84	Aubignan	84004
Avignon	84	Avignon	84007
Avignon	84	Beaumes-de-Venise	84012
Avignon	84	Beaumettes	84013
Avignon	84	Bédarrides	84016
Avignon	84	Cabrières-d'Avignon	84025
Avignon	84	Caderousse	84027
Avignon	84	Caromb	84030
Avignon	84	Carpentras	84031
Avignon	84	Cavaillon	84035
Avignon	84	Châteauneuf-de-Gadagne	84036
Avignon	84	Cheval-Blanc	84038
Avignon	84	Courthézon	84039
Avignon	84	Entraigues-sur-la-Sorgue	84043
Avignon	84	Gordes	84050
Avignon	84	Goult	84051
Avignon	84	L'Isle-sur-la-Sorgue	84054
Avignon	84	Jonquerettes	84055
Avignon	84	Jonquières	84056
Avignon	84	Lagnes	84062
Avignon	84	Loriol-du-Comtat	84067
Avignon	84	Maubec	84071
Avignon	84	Mazan	84072
Avignon	84	Ménerbes	84073
Avignon	84	Modène	84077
Avignon	84	Monteux	84080
Avignon	84	Morières-lès-Avignon	84081
Avignon	84	Oppède	84086
Avignon	84	Orange	84087
Avignon	84	Pernes-les-Fontaines	84088
Avignon	84	Le Pontet	84092
Avignon	84	Robion	84099
Avignon	84	Saint-Didier	84108
Avignon	84	Saint-Pantaléon	84114
Avignon	84	Saint-Saturnin-lès-Avignon	84119
Avignon	84	Sarrians	84122
Avignon	84	Saumane-de-Vaucluse	84124
Avignon	84	Sorgues	84129
Avignon	84	Taillades	84131
Avignon	84	Le Thor	84132
Avignon	84	Fontaine-de-Vaucluse	84139
Avignon	84	Vedène	84141
Avignon	84	Velleron	84142
Bailly-Romainvilliers	77	Bailly-Romainvilliers	77018
Bailly-Romainvilliers	77	Condé-Sainte-Libiaire	77125
Bailly-Romainvilliers	77	Couilly-Pont-aux-Dames	77128
Bailly-Romainvilliers	77	Coupvray	77132
Bailly-Romainvilliers	77	Coutevroult	77141
Bailly-Romainvilliers	77	Crécy-la-Chapelle	77142
Bailly-Romainvilliers	77	Esbly	77171
Bailly-Romainvilliers	77	Isles-lès-Villenoy	77232
Bailly-Romainvilliers	77	Magny-le-Hongre	77268
Bailly-Romainvilliers	77	Montry	77315
Bailly-Romainvilliers	77	Quincy-Voisins	77382
Bailly-Romainvilliers	77	Saint-Germain-sur-Morin	77413
Bailly-Romainvilliers	77	Villiers-sur-Morin	77521
Bailly-Romainvilliers	77	Voulangis	77529
Bastia	2B	Bastia	2B033
Bastia	2B	Biguglia	2B037
Bastia	2B	Brando	2B043
Bastia	2B	Furiani	2B120
Bastia	2B	San-Martino-di-Lota	2B305
Bastia	2B	Santa-Maria-di-Lota	2B309
Bastia	2B	Ville-di-Pietrabugno	2B353
Bayonne (partie française)	40	Saint-André-de-Seignanx	40248
Bayonne (partie française)	40	Saint-Martin-de-Seignanx	40273
Bayonne (partie française)	40	Tarnos	40312
Bayonne (partie française)	64	Ahetze	64009
Bayonne (partie française)	64	Anglet	64024
Bayonne (partie française)	64	Arbonne	64035
Bayonne (partie française)	64	Arcangues	64038
Bayonne (partie française)	64	Ascain	64065
Bayonne (partie française)	64	Bassussarry	64100
Bayonne (partie française)	64	Bayonne	64102
Bayonne (partie française)	64	Biarritz	64122
Bayonne (partie française)	64	Bidart	64125
Bayonne (partie française)	64	Biriatou	64130
Bayonne (partie française)	64	Boucau	64140
Bayonne (partie française)	64	Cambo-les-Bains	64160
Bayonne (partie française)	64	Ciboure	64189
Bayonne (partie française)	64	Espelette	64213
Bayonne (partie française)	64	Guéthary	64249
Bayonne (partie française)	64	Halsou	64255
Bayonne (partie française)	64	Hendaye	64260
Bayonne (partie française)	64	Jatxou	64282
Bayonne (partie française)	64	Lahonce	64304
Bayonne (partie française)	64	Larressore	64317
Bayonne (partie française)	64	Mouguerre	64407
Bayonne (partie française)	64	Saint-Jean-de-Luz	64483
Bayonne (partie française)	64	Saint-Pierre-d'Irube	64496
Bayonne (partie française)	64	Urcuit	64540
Bayonne (partie française)	64	Urrugne	64545
Bayonne (partie française)	64	Ustaritz	64547
Bayonne (partie française)	64	Villefranque	64558
Bordeaux	33	Ambarès-et-Lagrave	33003
Bordeaux	33	Artigues-près-Bordeaux	33013
Bordeaux	33	Arveyres	33015
Bordeaux	33	Val de Virvée	33018
Bordeaux	33	Bassens	33032
Bordeaux	33	Baurech	33033
Bordeaux	33	Bègles	33039
Bordeaux	33	Beychac-et-Caillau	33049
Bordeaux	33	Blanquefort	33056
Bordeaux	33	Bonnetan	33061
Bordeaux	33	Bordeaux	33063
Bordeaux	33	Bouliac	33065
Bordeaux	33	Le Bouscat	33069
Bordeaux	33	Bruges	33075
Bordeaux	33	Cadarsac	33079
Bordeaux	33	Cadaujac	33080
Bordeaux	33	Cambes	33084
Bordeaux	33	Camblanes-et-Meynac	33085
Bordeaux	33	Canéjan	33090
Bordeaux	33	Carbon-Blanc	33096
Bordeaux	33	Carignan-de-Bordeaux	33099
Bordeaux	33	Cénac	33118
Bordeaux	33	Cenon	33119
Bordeaux	33	Cestas	33122
Bordeaux	33	Cubzac-les-Ponts	33143
Bordeaux	33	Eysines	33162
Bordeaux	33	Fargues-Saint-Hilaire	33165
Bordeaux	33	Floirac	33167
Bordeaux	33	Gradignan	33192
Bordeaux	33	Le Haillan	33200
Bordeaux	33	Izon	33207
Bordeaux	33	Langoiran	33226
Bordeaux	33	Latresne	33234
Bordeaux	33	Léognan	33238
Bordeaux	33	Lestiac-sur-Garonne	33241
Bordeaux	33	Lignan-de-Bordeaux	33245
Bordeaux	33	Lormont	33249
Bordeaux	33	Martignas-sur-Jalle	33273
Bordeaux	33	Martillac	33274
Bordeaux	33	Mérignac	33281
Bordeaux	33	Montussan	33293
Bordeaux	33	Nérigean	33303
Bordeaux	33	Paillet	33311
Bordeaux	33	Parempuyre	33312
Bordeaux	33	Pessac	33318
Bordeaux	33	Le Pian-Médoc	33322
Bordeaux	33	Pompignac	33330
Bordeaux	33	Prignac-et-Marcamps	33339
Bordeaux	33	Quinsac	33349
Bordeaux	33	Sadirac	33363
Bordeaux	33	Saint-André-de-Cubzac	33366
Bordeaux	33	Saint-Aubin-de-Médoc	33376
Bordeaux	33	Saint-Caprais-de-Bordeaux	33381
Bordeaux	33	Sainte-Eulalie	33397
Bordeaux	33	Saint-Gervais	33415
Bordeaux	33	Saint-Jean-d'Illac	33422
Bordeaux	33	Saint-Laurent-d'Arce	33425
Bordeaux	33	Saint-Loubès	33433
Bordeaux	33	Saint-Médard-d'Eyrans	33448
Bordeaux	33	Saint-Médard-en-Jalles	33449
Bordeaux	33	Saint-Quentin-de-Baron	33466
Bordeaux	33	Saint-Sulpice-et-Cameyrac	33483
Bordeaux	33	Saint-Vincent-de-Paul	33487
Bordeaux	33	Sallebœuf	33496
Bordeaux	33	Tabanac	33518
Bordeaux	33	Le Taillan-Médoc	33519
Bordeaux	33	Talence	33522
Bordeaux	33	Le Tourne	33534
Bordeaux	33	Tresses	33535
Bordeaux	33	Vayres	33539
Bordeaux	33	Villenave-d'Ornon	33550
Bordeaux	33	Virsac	33553
Bordeaux	33	Yvrac	33554
Caen	14	Baron-sur-Odon	14042
Caen	14	Biéville-Beuville	14068
Caen	14	Bretteville-sur-Odon	14101
Caen	14	Caen	14118
Caen	14	Carpiquet	14137
Caen	14	Colombelles	14167
Caen	14	Cormelles-le-Royal	14181
Caen	14	Cuverville	14215
Caen	14	Démouville	14221
Caen	14	Épron	14242
Caen	14	Fleury-sur-Orne	14271
Caen	14	Fontaine-Étoupefour	14274
Caen	14	Giberville	14301
Caen	14	Grainville-sur-Odon	14311
Caen	14	Grentheville	14319
Caen	14	Hérouville-Saint-Clair	14327
Caen	14	Ifs	14341
Caen	14	Mondeville	14437
Caen	14	Mondrainville	14438
Caen	14	Mouen	14454
Caen	14	Rots	14543
Caen	14	Saint-Germain-la-Blanche-Herbe	14587
Caen	14	Tourville-sur-Odon	14707
Caen	14	Verson	14738
Cayenne	973	Cayenne	97302
Cayenne	973	Matoury	97307
Cayenne	973	Remire-Montjoly	97309
Chambéry	73	Aix-les-Bains	73008
Chambéry	73	Apremont	73017
Chambéry	73	Barberaz	73029
Chambéry	73	Barby	73030
Chambéry	73	Bassens	73031
Chambéry	73	Bourdeau	73050
Chambéry	73	Le Bourget-du-Lac	73051
Chambéry	73	Brison-Saint-Innocent	73059
Chambéry	73	Challes-les-Eaux	73064
Chambéry	73	Chambéry	73065
Chambéry	73	Chignin	73084
Chambéry	73	Cognin	73087
Chambéry	73	Drumettaz-Clarafond	73103
Chambéry	73	Grésy-sur-Aix	73128
Chambéry	73	Jacob-Bellecombette	73137
Chambéry	73	Porte-de-Savoie	73151
Chambéry	73	Méry	73155
Chambéry	73	Montagnole	73160
Chambéry	73	La Motte-Servolex	73179
Chambéry	73	Mouxy	73182
Chambéry	73	Myans	73183
Chambéry	73	Pugny-Chatenod	73208
Chambéry	73	La Ravoire	73213
Chambéry	73	Saint-Alban-Leysse	73222
Chambéry	73	Saint-Baldoph	73225
Chambéry	73	Saint-Cassin	73228
Chambéry	73	Saint-Jean-d'Arvey	73243
Chambéry	73	Saint-Jeoire-Prieuré	73249
Chambéry	73	Sonnaz	73288
Chambéry	73	Tresserve	73300
Chambéry	73	Trévignin	73301
Chambéry	73	Verel-Pragondran	73310
Chambéry	73	Vimines	73326
Chambéry	73	Viviers-du-Lac	73328
Chambéry	73	Voglans	73329
Cluses	74	Amancy	74007
Cluses	74	Arenthon	74018
Cluses	74	Ayse	74024
Cluses	74	Bonneville	74042
Cluses	74	Châtillon-sur-Cluses	74064
Cluses	74	Cluses	74081
Cluses	74	Cornier	74090
Cluses	74	Etaux	74116
Cluses	74	Marignier	74164
Cluses	74	Marnaz	74169
Cluses	74	La Roche-sur-Foron	74224
Cluses	74	Saint-Laurent	74244
Cluses	74	Saint-Pierre-en-Faucigny	74250
Cluses	74	Saint-Sixt	74253
Cluses	74	Scientrier	74262
Cluses	74	Scionzier	74264
Cluses	74	Thyez	74278
Cluses	74	Vougy	74312
Creil	60	Angicourt	60013
Creil	60	Blaincourt-lès-Précy	60074
Creil	60	Brenouille	60102
Creil	60	Cauffry	60134
Creil	60	Cinqueux	60154
Creil	60	Cramoisy	60173
Creil	60	Creil	60175
Creil	60	Laigneville	60342
Creil	60	Liancourt	60360
Creil	60	Mogneville	60404
Creil	60	Monceaux	60406
Creil	60	Monchy-Saint-Éloi	60409
Creil	60	Montataire	60414
Creil	60	Nogent-sur-Oise	60463
Creil	60	Précy-sur-Oise	60513
Creil	60	Rantigny	60524
Creil	60	Rieux	60539
Creil	60	Saint-Leu-d'Esserent	60584
Creil	60	Saint-Maximin	60589
Creil	60	Thiverny	60635
Creil	60	Verneuil-en-Halatte	60670
Creil	60	Villers-Saint-Paul	60684
Creil	60	Villers-sous-Saint-Leu	60686
Draguignan	83	Les Arcs	83004
Draguignan	83	Draguignan	83050
Draguignan	83	Flayosc	83058
Draguignan	83	La Motte	83085
Draguignan	83	Le Muy	83086
Draguignan	83	Trans-en-Provence	83141
Fort-de-France	972	Case-Pilote	97205
Fort-de-France	972	Fort-de-France	97209
Fort-de-France	972	Saint-Joseph	97224
Fort-de-France	972	Schœlcher	97229
Fréjus	83	Fréjus	83061
Fréjus	83	Puget-sur-Argens	83099
Fréjus	83	Saint-Raphaël	83118
Genève (SUI)-Annemasse (partie française)	1	Ferney-Voltaire	1160
Genève (SUI)-Annemasse (partie française)	1	Ornex	1281
Genève (SUI)-Annemasse (partie française)	1	Prévessin-Moëns	1313
Genève (SUI)-Annemasse (partie française)	1	Saint-Genis-Pouilly	1354
Genève (SUI)-Annemasse (partie française)	1	Sergy	1401
Genève (SUI)-Annemasse (partie française)	1	Thoiry	1419
Genève (SUI)-Annemasse (partie française)	74	Ambilly	74008
Genève (SUI)-Annemasse (partie française)	74	Annemasse	74012
Genève (SUI)-Annemasse (partie française)	74	Archamps	74016
Genève (SUI)-Annemasse (partie française)	74	Arthaz-Pont-Notre-Dame	74021
Genève (SUI)-Annemasse (partie française)	74	Bonne	74040
Genève (SUI)-Annemasse (partie française)	74	Bossey	74044
Genève (SUI)-Annemasse (partie française)	74	Collonges-sous-Salève	74082
Genève (SUI)-Annemasse (partie française)	74	Contamine-sur-Arve	74087
Genève (SUI)-Annemasse (partie française)	74	Cranves-Sales	74094
Genève (SUI)-Annemasse (partie française)	74	Étrembières	74118
Genève (SUI)-Annemasse (partie française)	74	Faucigny	74122
Genève (SUI)-Annemasse (partie française)	74	Fillinges	74128
Genève (SUI)-Annemasse (partie française)	74	Gaillard	74133
Genève (SUI)-Annemasse (partie française)	74	Lucinges	74153
Genève (SUI)-Annemasse (partie française)	74	Marcellaz	74162
Genève (SUI)-Annemasse (partie française)	74	Monnetier-Mornex	74185
Genève (SUI)-Annemasse (partie française)	74	Nangy	74197
Genève (SUI)-Annemasse (partie française)	74	Neydens	74201
Genève (SUI)-Annemasse (partie française)	74	Peillonnex	74209
Genève (SUI)-Annemasse (partie française)	74	Pers-Jussy	74211
Genève (SUI)-Annemasse (partie française)	74	Reignier-Ésery	74220
			
Genève (SUI)-Annemasse (partie française)	74	Saint-Jean-de-Tholome	74240
Genève (SUI)-Annemasse (partie française)	74	Saint-Julien-en-Genevois	74243
Genève (SUI)-Annemasse (partie française)	74	Vétraz-Monthoux	74298
Genève (SUI)-Annemasse (partie française)	74	Ville-en-Sallaz	74304
Genève (SUI)-Annemasse (partie française)	74	Ville-la-Grand	74305
Genève (SUI)-Annemasse (partie française)	74	Viuz-en-Sallaz	74311
Grenoble	38	Biviers	38045
Grenoble	38	Bresson	38057
Grenoble	38	Le Champ-près-Froges	38070
Grenoble	38	Champ-sur-Drac	38071
Grenoble	38	Claix	38111
Grenoble	38	Corenc	38126
Grenoble	38	Domène	38150
Grenoble	38	Échirolles	38151
Grenoble	38	Eybens	38158
Grenoble	38	Fontaine	38169
Grenoble	38	Fontanil-Cornillon	38170
Grenoble	38	Froges	38175
Grenoble	38	Gières	38179
Grenoble	38	Grenoble	38185
Grenoble	38	Jarrie	38200
Grenoble	38	Meylan	38229
Grenoble	38	Montbonnot-Saint-Martin	38249
Grenoble	38	Murianette	38271
Grenoble	38	Noyarey	38281
Grenoble	38	La Pierre	38303
Grenoble	38	Poisat	38309
Grenoble	38	Le Pont-de-Claix	38317
Grenoble	38	Saint-Égrève	38382
Grenoble	38	Saint-Ismier	38397
Grenoble	38	Saint-Martin-d'Hères	38421
Grenoble	38	Saint-Martin-le-Vinoux	38423
Grenoble	38	Saint-Nazaire-les-Eymes	38431
Grenoble	38	Sassenage	38474
Grenoble	38	Seyssinet-Pariset	38485
Grenoble	38	Seyssins	38486
Grenoble	38	Tencin	38501
Grenoble	38	La Tronche	38516
Grenoble	38	Varces-Allières-et-Risset	38524
Grenoble	38	Venon	38533
Grenoble	38	Le Versoud	38538
Grenoble	38	Veurey-Voroize	38540
Grenoble	38	Villard-Bonnot	38547
Grenoble	38	Voreppe	38565
La Rochelle	17	Angoulins	17010
La Rochelle	17	Aytré	17028
La Rochelle	17	Châtelaillon-Plage	17094
La Rochelle	17	Dompierre-sur-Mer	17142
La Rochelle	17	L'Houmeau	17190
La Rochelle	17	Lagord	17200
La Rochelle	17	Nieul-sur-Mer	17264
La Rochelle	17	Périgny	17274
La Rochelle	17	Puilboreau	17291
La Rochelle	17	La Rochelle	17300
La Rochelle	17	Salles-sur-Mer	17420
La Teste-de-Buch-Arcachon	33	Arcachon	33009
La Teste-de-Buch-Arcachon	33	Gujan-Mestras	33199
La Teste-de-Buch-Arcachon	33	Le Teich	33527
La Teste-de-Buch-Arcachon	33	La Teste-de-Buch	33529
Le Robert	972	Ducos	97207
Le Robert	972	Le François	97210
Le Robert	972	Gros-Morne	97212
Le Robert	972	Le Marin	97217
Le Robert	972	Rivière-Pilote	97220
Le Robert	972	Rivière-Salée	97221
Le Robert	972	Le Robert	97222
Le Robert	972	Saint-Esprit	97223
Le Robert	972	Sainte-Anne	97226
Le Robert	972	Sainte-Luce	97227
Le Robert	972	Le Vauclin	97232
Lille (partie française)	59	Villeneuve-d'Ascq	59009
Lille (partie française)	59	Anstaing	59013
Lille (partie française)	59	Avelin	59034
Lille (partie française)	59	Baisieux	59044
Lille (partie française)	59	Bondues	59090
Lille (partie française)	59	Bousbecque	59098
Lille (partie française)	59	Capinghem	59128
Lille (partie française)	59	Chéreng	59146
Lille (partie française)	59	Comines	59152
Lille (partie française)	59	Croix	59163
Lille (partie française)	59	Emmerin	59193
Lille (partie française)	59	Englos	59195
Lille (partie française)	59	Faches-Thumesnil	59220
Lille (partie française)	59	Forest-sur-Marque	59247
Lille (partie française)	59	Gruson	59275
Lille (partie française)	59	Hallennes-lez-Haubourdin	59278
Lille (partie française)	59	Halluin	59279
Lille (partie française)	59	Haubourdin	59286
Lille (partie française)	59	Hem	59299
Lille (partie française)	59	Lambersart	59328
Lille (partie française)	59	Lannoy	59332
Lille (partie française)	59	Leers	59339
Lille (partie française)	59	Lesquin	59343
Lille (partie française)	59	Lezennes	59346
Lille (partie française)	59	Lille	59350
Lille (partie française)	59	Linselles	59352
Lille (partie française)	59	Lompret	59356
Lille (partie française)	59	Loos	59360
Lille (partie française)	59	Lys-lez-Lannoy	59367
Lille (partie française)	59	La Madeleine	59368
Lille (partie française)	59	Marcq-en-Barœul	59378
Lille (partie française)	59	Marquette-lez-Lille	59386
Lille (partie française)	59	Mons-en-Barœul	59410
Lille (partie française)	59	Mouvaux	59421
Lille (partie française)	59	Neuville-en-Ferrain	59426
Lille (partie française)	59	Noyelles-lès-Seclin	59437
Lille (partie française)	59	Pérenchies	59457
Lille (partie française)	59	Prémesques	59470
Lille (partie française)	59	Quesnoy-sur-Deûle	59482
Lille (partie française)	59	Ronchin	59507
Lille (partie française)	59	Roncq	59508
Lille (partie française)	59	Roubaix	59512
Lille (partie française)	59	Sailly-lez-Lannoy	59522
Lille (partie française)	59	Saint-André-lez-Lille	59527
Lille (partie française)	59	Santes	59553
Lille (partie française)	59	Seclin	59560
Lille (partie française)	59	Sequedin	59566
Lille (partie française)	59	Templemars	59585
Lille (partie française)	59	Toufflers	59598
Lille (partie française)	59	Tourcoing	59599
Lille (partie française)	59	Tressin	59602
Lille (partie française)	59	Vendeville	59609
Lille (partie française)	59	Verlinghem	59611
Lille (partie française)	59	Wambrechies	59636
Lille (partie française)	59	Warneton	59643
Lille (partie française)	59	Wasquehal	59646
Lille (partie française)	59	Wattignies	59648
Lille (partie française)	59	Wattrelos	59650
Lille (partie française)	59	Wervicq-Sud	59656
Lille (partie française)	59	Willems	59660
Lunel	30	Aigues-Vives	30004
Lunel	30	Aubais	30019
Lunel	30	Gallargues-le-Montueux	30123
Lunel	34	Lunel	34145
Lunel	34	Lunel-Viel	34146
Lunel	34	Marsillargues	34151
Lunel	34	Saint-Just	34272
Lunel	34	Saint-Nazaire-de-Pézan	34280
Lunel	34	Villetelle	34340
Lyon	1	Beauregard	1030
Lyon	1	Beynost	1043
Lyon	1	La Boisse	1049
Lyon	1	Dagneux	1142
Lyon	1	Fareins	1157
Lyon	1	Frans	1166
Lyon	1	Jassans-Riottier	1194
Lyon	1	Massieux	1238
Lyon	1	Miribel	1249
Lyon	1	Misérieux	1250
Lyon	1	Montluel	1262
Lyon	1	Neyron	1275
Lyon	1	Parcieux	1285
Lyon	1	Reyrieux	1322
Lyon	1	Saint-Bernard	1339
Lyon	1	Saint-Didier-de-Formans	1347
Lyon	1	Sainte-Euphémie	1353
Lyon	1	Saint-Maurice-de-Beynost	1376
Lyon	1	Toussieux	1423
Lyon	1	Trévoux	1427
Lyon	38	Chasse-sur-Rhône	38087
Lyon	69	Albigny-sur-Saône	69003
Lyon	69	Ambérieux	69005
Lyon	69	Anse	69009
Lyon	69	Arnas	69013
Lyon	69	Belmont-d'Azergues	69020
Lyon	69	Brignais	69027
Lyon	69	Brindas	69028
Lyon	69	Bron	69029
Lyon	69	Cailloux-sur-Fontaines	69033
Lyon	69	Caluire-et-Cuire	69034
Lyon	69	Champagne-au-Mont-d'Or	69040
Lyon	69	Chaponost	69043
Lyon	69	Charbonnières-les-Bains	69044
Lyon	69	Charly	69046
Lyon	69	Charnay	69047
Lyon	69	Chasselay	69049
Lyon	69	Chazay-d'Azergues	69052
Lyon	69	Les Chères	69055
Lyon	69	Civrieux-d'Azergues	69059
Lyon	69	Cogny	69061
Lyon	69	Collonges-au-Mont-d'Or	69063
Lyon	69	Couzon-au-Mont-d'Or	69068
Lyon	69	Craponne	69069
Lyon	69	Curis-au-Mont-d'Or	69071
Lyon	69	Dardilly	69072
Lyon	69	Denicé	69074
Lyon	69	Dommartin	69076
Lyon	69	Écully	69081
Lyon	69	Fleurieu-sur-Saône	69085
Lyon	69	Fontaines-Saint-Martin	69087
Lyon	69	Fontaines-sur-Saône	69088
Lyon	69	Francheville	69089
Lyon	69	Givors	69091
Lyon	69	Gleizé	69092
Lyon	69	Grézieu-la-Varenne	69094
Lyon	69	Grigny	69096
Lyon	69	Irigny	69100
Lyon	69	Lacenas	69105
Lyon	69	Lachassagne	69106
Lyon	69	Lentilly	69112
Lyon	69	Limas	69115
Lyon	69	Limonest	69116
Lyon	69	Lissieu	69117
Lyon	69	Loire-sur-Rhône	69118
Lyon	69	Lozanne	69121
Lyon	69	Lucenay	69122
Lyon	69	Lyon	69123
Lyon	69	Marcilly-d'Azergues	69125
Lyon	69	Marcy	69126
Lyon	69	Marcy-l'Étoile	69127
Lyon	69	Messimy	69131
Lyon	69	Millery	69133
Lyon	69	Montagny	69136
Lyon	69	Morancé	69140
Lyon	69	La Mulatière	69142
Lyon	69	Neuville-sur-Saône	69143
Lyon	69	Orliénas	69148
Lyon	69	Oullins-Pierre-Bénite	69149
Lyon	69	Pommiers	69156
Lyon	69	Porte des Pierres Dorées	69159
Lyon	69	Rochetaillée-sur-Saône	69168
Lyon	69	Sainte-Consorce	69190
Lyon	69	Saint-Cyr-au-Mont-d'Or	69191
Lyon	69	Saint-Didier-au-Mont-d'Or	69194
Lyon	69	Saint-Fons	69199
Lyon	69	Sainte-Foy-lès-Lyon	69202
Lyon	69	Saint-Genis-Laval	69204
Lyon	69	Saint-Genis-les-Ollières	69205
Lyon	69	Saint-Jean-des-Vignes	69212
Lyon	69	Saint-Romain-au-Mont-d'Or	69233
Lyon	69	Taluyers	69241
Lyon	69	Tassin-la-Demi-Lune	69244
Lyon	69	Thurins	69249
Lyon	69	La Tour-de-Salvagny	69250
Lyon	69	Vaugneray	69255
Lyon	69	Vaulx-en-Velin	69256
Lyon	69	Vénissieux	69259
Lyon	69	Vernaison	69260
Lyon	69	Villefranche-sur-Saône	69264
Lyon	69	Villeurbanne	69266
Lyon	69	Vourles	69268
Lyon	69	Chaponnay	69270
Lyon	69	Chassieu	69271
Lyon	69	Communay	69272
Lyon	69	Corbas	69273
Lyon	69	Décines-Charpieu	69275
Lyon	69	Feyzin	69276
Lyon	69	Genas	69277
Lyon	69	Genay	69278
Lyon	69	Marennes	69281
Lyon	69	Meyzieu	69282
Lyon	69	Mions	69283
Lyon	69	Montanay	69284
Lyon	69	Rillieux-la-Pape	69286
Lyon	69	Saint-Priest	69290
Lyon	69	Saint-Symphorien-d'Ozon	69291
Lyon	69	Sathonay-Camp	69292
Lyon	69	Sathonay-Village	69293
Lyon	69	Sérézin-du-Rhône	69294
Lyon	69	Solaize	69296
Lyon	69	Ternay	69297
Lyon	69	Toussieu	69298
Marseille-Aix-en-Provence	13	Aix-en-Provence	13001
Marseille-Aix-en-Provence	13	Allauch	13002
Marseille-Aix-en-Provence	13	Aubagne	13005
Marseille-Aix-en-Provence	13	Auriol	13007
Marseille-Aix-en-Provence	13	Beaurecueil	13012
Marseille-Aix-en-Provence	13	Berre-l'Étang	13014
Marseille-Aix-en-Provence	13	Bouc-Bel-Air	13015
Marseille-Aix-en-Provence	13	La Bouilladisse	13016
Marseille-Aix-en-Provence	13	Cabriès	13019
Marseille-Aix-en-Provence	13	Cadolive	13020
Marseille-Aix-en-Provence	13	Châteauneuf-le-Rouge	13025
Marseille-Aix-en-Provence	13	Châteauneuf-les-Martigues	13026
Marseille-Aix-en-Provence	13	La Destrousse	13031
Marseille-Aix-en-Provence	13	Éguilles	13032
Marseille-Aix-en-Provence	13	Fos-sur-Mer	13039
Marseille-Aix-en-Provence	13	Fuveau	13040
Marseille-Aix-en-Provence	13	Gardanne	13041
Marseille-Aix-en-Provence	13	Gémenos	13042
Marseille-Aix-en-Provence	13	Gignac-la-Nerthe	13043
Marseille-Aix-en-Provence	13	Gréasque	13046
Marseille-Aix-en-Provence	13	Istres	13047
Marseille-Aix-en-Provence	13	Marignane	13054
Marseille-Aix-en-Provence	13	Marseille	13055
Marseille-Aix-en-Provence	13	Martigues	13056
Marseille-Aix-en-Provence	13	Meyreuil	13060
Marseille-Aix-en-Provence	13	Mimet	13062
Marseille-Aix-en-Provence	13	Miramas	13063
Marseille-Aix-en-Provence	13	La Penne-sur-Huveaune	13070
Marseille-Aix-en-Provence	13	Les Pennes-Mirabeau	13071
Marseille-Aix-en-Provence	13	Peynier	13072
Marseille-Aix-en-Provence	13	Peypin	13073
Marseille-Aix-en-Provence	13	Plan-de-Cuques	13075
Marseille-Aix-en-Provence	13	Port-de-Bouc	13077
Marseille-Aix-en-Provence	13	Rognac	13081
Marseille-Aix-en-Provence	13	Roquevaire	13086
Marseille-Aix-en-Provence	13	Rousset	13087
Marseille-Aix-en-Provence	13	Saint-Chamas	13092
Marseille-Aix-en-Provence	13	Saint-Marc-Jaumegarde	13095
Marseille-Aix-en-Provence	13	Saint-Mitre-les-Remparts	13098
Marseille-Aix-en-Provence	13	Saint-Savournin	13101
Marseille-Aix-en-Provence	13	Saint-Victoret	13102
Marseille-Aix-en-Provence	13	Septèmes-les-Vallons	13106
Marseille-Aix-en-Provence	13	Simiane-Collongue	13107
Marseille-Aix-en-Provence	13	Le Tholonet	13109
Marseille-Aix-en-Provence	13	Trets	13110
Marseille-Aix-en-Provence	13	Velaux	13112
Marseille-Aix-en-Provence	13	Venelles	13113
Marseille-Aix-en-Provence	13	Ventabren	13114
Marseille-Aix-en-Provence	13	Vitrolles	13117
Marseille-Aix-en-Provence	83	Saint-Zacharie	83120
Meaux	77	Crégy-lès-Meaux	77143
Meaux	77	Mareuil-lès-Meaux	77276
Meaux	77	Meaux	77284
Meaux	77	Nanteuil-lès-Meaux	77330
Meaux	77	Poincy	77369
Meaux	77	Trilport	77475
Meaux	77	Villenoy	77513
Menton-Monaco (partie française)	6	Beausoleil	6012
Menton-Monaco (partie française)	6	Cap-d'Ail	6032
Menton-Monaco (partie française)	6	Castellar	6035
Menton-Monaco (partie française)	6	Èze	6059
Menton-Monaco (partie française)	6	Gorbio	6067
Menton-Monaco (partie française)	6	Menton	6083
Menton-Monaco (partie française)	6	Roquebrune-Cap-Martin	6104
Menton-Monaco (partie française)	6	Sainte-Agnès	6113
Menton-Monaco (partie française)	6	La Turbie	6150
Montpellier	34	Assas	34014
Montpellier	34	Castelnau-le-Lez	34057
Montpellier	34	Clapiers	34077
Montpellier	34	Le Crès	34090
Montpellier	34	Fabrègues	34095
Montpellier	34	Grabels	34116
Montpellier	34	Jacou	34120
Montpellier	34	Juvignac	34123
Montpellier	34	Lattes	34129
Montpellier	34	Lavérune	34134
Montpellier	34	Montferrier-sur-Lez	34169
Montpellier	34	Montpellier	34172
Montpellier	34	Pérols	34198
Montpellier	34	Prades-le-Lez	34217
Montpellier	34	Saint-Clément-de-Rivière	34247
Montpellier	34	Saint-Gély-du-Fesc	34255
Montpellier	34	Saint-Jean-de-Védas	34270
Montpellier	34	Saint-Vincent-de-Barbeyrargues	34290
Montpellier	34	Saussan	34295
Montpellier	34	Teyran	34309
Montpellier	34	Vendargues	34327
Montpellier	34	Villeneuve-lès-Maguelone	34337
Nantes	44	Basse-Goulaine	44009
Nantes	44	Bouaye	44018
Nantes	44	Bouguenais	44020
Nantes	44	Carquefou	44026
Nantes	44	La Chapelle-sur-Erdre	44035
Nantes	44	Couëron	44047
Nantes	44	Haute-Goulaine	44071
Nantes	44	Indre	44074
Nantes	44	La Montagne	44101
Nantes	44	Nantes	44109
Nantes	44	Orvault	44114
Nantes	44	Pont-Saint-Martin	44130
Nantes	44	Rezé	44143
Nantes	44	Saint-Aignan-Grandlieu	44150
Nantes	44	Saint-Herblain	44162
Nantes	44	Saint-Jean-de-Boiseau	44166
Nantes	44	Sainte-Luce-sur-Loire	44172
Nantes	44	Saint-Sébastien-sur-Loire	44190
Nantes	44	Sautron	44194
Nantes	44	Les Sorinières	44198
Nantes	44	Thouaré-sur-Loire	44204
Nantes	44	Vertou	44215
Nice	6	Antibes	6004
Nice	6	Aspremont	6006
Nice	6	Auribeau-sur-Siagne	6007
Nice	6	Le Bar-sur-Loup	6010
Nice	6	Beaulieu-sur-Mer	6011
Nice	6	Berre-les-Alpes	6015
Nice	6	Biot	6018
Nice	6	Cabris	6026
Nice	6	Cagnes-sur-Mer	6027
Nice	6	Cannes	6029
Nice	6	Le Cannet	6030
Nice	6	Cantaron	6031
Nice	6	Carros	6033
Nice	6	Castagniers	6034
Nice	6	Châteauneuf-Grasse	6038
Nice	6	Châteauneuf-Villevieille	6039
Nice	6	La Colle-sur-Loup	6044
Nice	6	Colomars	6046
Nice	6	Contes	6048
Nice	6	Drap	6054
Nice	6	Falicon	6060
Nice	6	Gattières	6064
Nice	6	La Gaude	6065
Nice	6	Gourdon	6068
Nice	6	Grasse	6069
Nice	6	Mandelieu-la-Napoule	6079
Nice	6	Mouans-Sartoux	6084
Nice	6	Mougins	6085
Nice	6	Nice	6088
Nice	6	Opio	6089
Nice	6	Pégomas	6090
Nice	6	Peymeinade	6095
Nice	6	Roquefort-les-Pins	6105
Nice	6	La Roquette-sur-Siagne	6108
Nice	6	Le Rouret	6112
Nice	6	Saint-André-de-la-Roche	6114
Nice	6	Saint-Jean-Cap-Ferrat	6121
Nice	6	Saint-Jeannet	6122
Nice	6	Saint-Laurent-du-Var	6123
Nice	6	Saint-Paul-de-Vence	6128
Nice	6	Spéracèdes	6137
Nice	6	Théoule-sur-Mer	6138
Nice	6	Le Tignet	6140
Nice	6	Tourrette-Levens	6147
Nice	6	Tourrettes-sur-Loup	6148
Nice	6	La Trinité	6149
Nice	6	Valbonne	6152
Nice	6	Vallauris	6155
Nice	6	Vence	6157
Nice	6	Villefranche-sur-Mer	6159
Nice	6	Villeneuve-Loubet	6161
Nîmes	30	Bernis	30036
Nîmes	30	Caissargues	30060
Nîmes	30	Caveirac	30075
Nîmes	30	Marguerittes	30156
Nîmes	30	Milhaud	30169
Nîmes	30	Nîmes	30189
Nîmes	30	Uchaud	30333
Nîmes	30	Vestric-et-Candiac	30347
Nîmes	30	Rodilhan	30356
Orléans	45	Boigny-sur-Bionne	45034
Orléans	45	La Chapelle-Saint-Mesmin	45075
Orléans	45	Chécy	45089
Orléans	45	Combleux	45100
Orléans	45	Fleury-les-Aubrais	45147
Orléans	45	Ingré	45169
Orléans	45	Mardié	45194
Orléans	45	Olivet	45232
Orléans	45	Orléans	45234
Orléans	45	Ormes	45235
Orléans	45	Saint-Cyr-en-Val	45272
Orléans	45	Saint-Denis-en-Val	45274
Orléans	45	Saint-Hilaire-Saint-Mesmin	45282
Orléans	45	Saint-Jean-de-Braye	45284
Orléans	45	Saint-Jean-de-la-Ruelle	45285
Orléans	45	Saint-Jean-le-Blanc	45286
Orléans	45	Saint-Pryvé-Saint-Mesmin	45298
Orléans	45	Saran	45302
Orléans	45	Semoy	45308
Paris	75	Paris	75056
Paris	77	Boissise-la-Bertrand	77039
Paris	77	Boissise-le-Roi	77040
Paris	77	Brou-sur-Chantereine	77055
Paris	77	Bussy-Saint-Georges	77058
Paris	77	Bussy-Saint-Martin	77059
Paris	77	Carnetin	77062
Paris	77	Cesson	77067
Paris	77	Chalifert	77075
Paris	77	Champs-sur-Marne	77083
Paris	77	Chanteloup-en-Brie	77085
Paris	77	Chelles	77108
Paris	77	Chessy	77111
Paris	77	Collégien	77121
Paris	77	Combs-la-Ville	77122
Paris	77	Conches-sur-Gondoire	77124
Paris	77	Courtry	77139
Paris	77	Croissy-Beaubourg	77146
Paris	77	Dammarie-les-Lys	77152
Paris	77	Dampmart	77155
Paris	77	Émerainville	77169
Paris	77	Ferrières-en-Brie	77181
Paris	77	Gouvernes	77209
Paris	77	Guermantes	77221
Paris	77	Lagny-sur-Marne	77243
Paris	77	Lésigny	77249
Paris	77	Lieusaint	77251
Paris	77	Livry-sur-Seine	77255
Paris	77	Lognes	77258
Paris	77	Le Mée-sur-Seine	77285
Paris	77	Melun	77288
Paris	77	Le Mesnil-Amelot	77291
Paris	77	Mitry-Mory	77294
Paris	77	Moissy-Cramayel	77296
Paris	77	Montévrain	77307
Paris	77	Nandy	77326
Paris	77	Noisiel	77337
Paris	77	Ozoir-la-Ferrière	77350
Paris	77	Pomponne	77372
Paris	77	Pontault-Combault	77373
Paris	77	Pringy	77378
Paris	77	La Rochette	77389
Paris	77	Roissy-en-Brie	77390
Paris	77	Rubelles	77394
Paris	77	Saint-Fargeau-Ponthierry	77407
Paris	77	Saint-Thibault-des-Vignes	77438
Paris	77	Savigny-le-Temple	77445
Paris	77	Serris	77449
Paris	77	Servon	77450
Paris	77	Thorigny-sur-Marne	77464
Paris	77	Torcy	77468
Paris	77	Vaires-sur-Marne	77479
Paris	77	Vaux-le-Pénil	77487
Paris	77	Vert-Saint-Denis	77495
Paris	77	Villeparisis	77514
Paris	78	Achères	78005
Paris	78	Andrésy	78015
Paris	78	Auffreville-Brasseuil	78031
Paris	78	Bazoches-sur-Guyonne	78050
Paris	78	Bois-d'Arcy	78073
Paris	78	Bougival	78092
Paris	78	Buc	78117
Paris	78	Buchelay	78118
Paris	78	Carrières-sous-Poissy	78123
Paris	78	Carrières-sur-Seine	78124
Paris	78	La Celle-Saint-Cloud	78126
Paris	78	Chambourcy	78133
Paris	78	Chanteloup-les-Vignes	78138
Paris	78	Chapet	78140
Paris	78	Chatou	78146
Paris	78	Le Chesnay-Rocquencourt	78158
Paris	78	Chevreuse	78160
Paris	78	Les Clayes-sous-Bois	78165
Paris	78	Coignières	78168
Paris	78	Conflans-Sainte-Honorine	78172
Paris	78	Croissy-sur-Seine	78190
Paris	78	Élancourt	78208
Paris	78	L'Étang-la-Ville	78224
Paris	78	Évecquemont	78227
Paris	78	Follainville-Dennemont	78239
Paris	78	Fontenay-le-Fleury	78242
Paris	78	Gaillon-sur-Montcient	78261
Paris	78	Gargenville	78267
Paris	78	Guyancourt	78297
Paris	78	Hardricourt	78299
Paris	78	Houilles	78311
Paris	78	Issou	78314
Paris	78	Jouars-Pontchartrain	78321
Paris	78	Jouy-en-Josas	78322
Paris	78	Juziers	78327
Paris	78	Limay	78335
Paris	78	Les Loges-en-Josas	78343
Paris	78	Louveciennes	78350
Paris	78	Magnanville	78354
Paris	78	Magny-les-Hameaux	78356
Paris	78	Maisons-Laffitte	78358
Paris	78	Mantes-la-Jolie	78361
Paris	78	Mantes-la-Ville	78362
Paris	78	Mareil-Marly	78367
Paris	78	Marly-le-Roi	78372
Paris	78	Maurecourt	78382
Paris	78	Maurepas	78383
Paris	78	Médan	78384
Paris	78	Le Mesnil-le-Roi	78396
Paris	78	Le Mesnil-Saint-Denis	78397
Paris	78	Meulan-en-Yvelines	78401
Paris	78	Mézy-sur-Seine	78403
Paris	78	Montesson	78418
Paris	78	Montigny-le-Bretonneux	78423
Paris	78	Les Mureaux	78440
Paris	78	Neauphle-le-Château	78442
Paris	78	Neauphle-le-Vieux	78443
Paris	78	Orgeval	78466
Paris	78	Le Pecq	78481
Paris	78	Plaisir	78490
Paris	78	Poissy	78498
Paris	78	Porcheville	78501
Paris	78	Le Port-Marly	78502
Paris	78	Saint-Cyr-l'École	78545
Paris	78	Saint-Germain-de-la-Grange	78550
Paris	78	Saint-Germain-en-Laye	78551
Paris	78	Saint-Rémy-lès-Chevreuse	78575
Paris	78	Saint-Rémy-l'Honoré	78576
Paris	78	Sartrouville	78586
Paris	78	Tessancourt-sur-Aubette	78609
Paris	78	Trappes	78621
Paris	78	Le Tremblay-sur-Mauldre	78623
Paris	78	Triel-sur-Seine	78624
Paris	78	Vaux-sur-Seine	78638
Paris	78	Vélizy-Villacoublay	78640
Paris	78	Verneuil-sur-Seine	78642
Paris	78	Vernouillet	78643
Paris	78	La Verrière	78644
Paris	78	Versailles	78646
Paris	78	Vert	78647
Paris	78	Le Vésinet	78650
Paris	78	Villennes-sur-Seine	78672
Paris	78	Villepreux	78674
Paris	78	Villiers-Saint-Frédéric	78683
Paris	78	Viroflay	78686
Paris	78	Voisins-le-Bretonneux	78688
Paris	91	Arpajon	91021
Paris	91	Athis-Mons	91027
Paris	91	Ballainvilliers	91044
Paris	91	Bièvres	91064
Paris	91	Bondoufle	91086
Paris	91	Boussy-Saint-Antoine	91097
Paris	91	Brétigny-sur-Orge	91103
Paris	91	Breuillet	91105
Paris	91	Breux-Jouy	91106
Paris	91	Brunoy	91114
Paris	91	Bruyères-le-Châtel	91115
Paris	91	Bures-sur-Yvette	91122
Paris	91	Champlan	91136
Paris	91	Chilly-Mazarin	91161
Paris	91	Corbeil-Essonnes	91174
Paris	91	Le Coudray-Montceaux	91179
Paris	91	Crosne	91191
Paris	91	Draveil	91201
Paris	91	Écharcon	91204
Paris	91	Égly	91207
Paris	91	Épinay-sous-Sénart	91215
Paris	91	Épinay-sur-Orge	91216
Paris	91	Étiolles	91225
Paris	91	Évry-Courcouronnes	91228
Paris	91	Fleury-Mérogis	91235
Paris	91	Fontenay-le-Vicomte	91244
Paris	91	Gif-sur-Yvette	91272
Paris	91	Gometz-le-Châtel	91275
Paris	91	Grigny	91286
Paris	91	Igny	91312
Paris	91	Juvisy-sur-Orge	91326
Paris	91	Leuville-sur-Orge	91333
Paris	91	Linas	91339
Paris	91	Lisses	91340
Paris	91	Longjumeau	91345
Paris	91	Longpont-sur-Orge	91347
Paris	91	Marcoussis	91363
Paris	91	Massy	91377
Paris	91	Mennecy	91386
Paris	91	Montgeron	91421
Paris	91	Montlhéry	91425
Paris	91	Morangis	91432
Paris	91	Morsang-sur-Orge	91434
Paris	91	Morsang-sur-Seine	91435
Paris	91	La Norville	91457
Paris	91	Nozay	91458
Paris	91	Ollainville	91461
Paris	91	Ormoy	91468
Paris	91	Orsay	91471
Paris	91	Palaiseau	91477
Paris	91	Paray-Vieille-Poste	91479
Paris	91	Le Plessis-Pâté	91494
Paris	91	Quincy-sous-Sénart	91514
Paris	91	Ris-Orangis	91521
Paris	91	Saclay	91534
Paris	91	Saint-Aubin	91538
Paris	91	Sainte-Geneviève-des-Bois	91549
Paris	91	Saint-Germain-lès-Arpajon	91552
Paris	91	Saint-Germain-lès-Corbeil	91553
Paris	91	Saint-Michel-sur-Orge	91570
Paris	91	Saint-Pierre-du-Perray	91573
Paris	91	Saintry-sur-Seine	91577
Paris	91	Saint-Yon	91581
Paris	91	Saulx-les-Chartreux	91587
Paris	91	Savigny-sur-Orge	91589
Paris	91	Soisy-sur-Seine	91600
Paris	91	Varennes-Jarcy	91631
Paris	91	Vauhallan	91635
Paris	91	Verrières-le-Buisson	91645
Paris	91	Vigneux-sur-Seine	91657
Paris	91	Villabé	91659
Paris	91	Villebon-sur-Yvette	91661
Paris	91	La Ville-du-Bois	91665
Paris	91	Villejust	91666
Paris	91	Villemoisson-sur-Orge	91667
Paris	91	Villiers-le-Bâcle	91679
Paris	91	Villiers-sur-Orge	91685
Paris	91	Viry-Châtillon	91687
Paris	91	Wissous	91689
Paris	91	Yerres	91691
Paris	91	Les Ulis	91692
Paris	92	Antony	92002
Paris	92	Asnières-sur-Seine	92004
Paris	92	Bagneux	92007
Paris	92	Bois-Colombes	92009
Paris	92	Boulogne-Billancourt	92012
Paris	92	Bourg-la-Reine	92014
Paris	92	Châtenay-Malabry	92019
Paris	92	Châtillon	92020
Paris	92	Chaville	92022
Paris	92	Clamart	92023
Paris	92	Clichy	92024
Paris	92	Colombes	92025
Paris	92	Courbevoie	92026
Paris	92	Fontenay-aux-Roses	92032
Paris	92	Garches	92033
Paris	92	La Garenne-Colombes	92035
Paris	92	Gennevilliers	92036
Paris	92	Issy-les-Moulineaux	92040
Paris	92	Levallois-Perret	92044
Paris	92	Malakoff	92046
Paris	92	Marnes-la-Coquette	92047
Paris	92	Meudon	92048
Paris	92	Montrouge	92049
Paris	92	Nanterre	92050
Paris	92	Neuilly-sur-Seine	92051
Paris	92	Le Plessis-Robinson	92060
Paris	92	Puteaux	92062
Paris	92	Rueil-Malmaison	92063
Paris	92	Saint-Cloud	92064
Paris	92	Sceaux	92071
Paris	92	Sèvres	92072
Paris	92	Suresnes	92073
Paris	92	Vanves	92075
Paris	92	Vaucresson	92076
Paris	92	Ville-d'Avray	92077
Paris	92	Villeneuve-la-Garenne	92078
Paris	93	Aubervilliers	93001
Paris	93	Aulnay-sous-Bois	93005
Paris	93	Bagnolet	93006
Paris	93	Le Blanc-Mesnil	93007
Paris	93	Bobigny	93008
Paris	93	Bondy	93010
Paris	93	Le Bourget	93013
Paris	93	Clichy-sous-Bois	93014
Paris	93	Coubron	93015
Paris	93	La Courneuve	93027
Paris	93	Drancy	93029
Paris	93	Dugny	93030
Paris	93	Épinay-sur-Seine	93031
Paris	93	Gagny	93032
Paris	93	Gournay-sur-Marne	93033
Paris	93	L'Île-Saint-Denis	93039
Paris	93	Les Lilas	93045
Paris	93	Livry-Gargan	93046
Paris	93	Montfermeil	93047
Paris	93	Montreuil	93048
Paris	93	Neuilly-Plaisance	93049
Paris	93	Neuilly-sur-Marne	93050
Paris	93	Noisy-le-Grand	93051
Paris	93	Noisy-le-Sec	93053
Paris	93	Pantin	93055
Paris	93	Les Pavillons-sous-Bois	93057
Paris	93	Le Pré-Saint-Gervais	93061
Paris	93	Le Raincy	93062
Paris	93	Romainville	93063
Paris	93	Rosny-sous-Bois	93064
Paris	93	Saint-Denis	93066
Paris	93	Saint-Ouen-sur-Seine	93070
Paris	93	Sevran	93071
Paris	93	Stains	93072
Paris	93	Tremblay-en-France	93073
Paris	93	Vaujours	93074
Paris	93	Villemomble	93077
Paris	93	Villepinte	93078
Paris	93	Villetaneuse	93079
Paris	94	Ablon-sur-Seine	94001
Paris	94	Alfortville	94002
Paris	94	Arcueil	94003
Paris	94	Boissy-Saint-Léger	94004
Paris	94	Bonneuil-sur-Marne	94011
Paris	94	Bry-sur-Marne	94015
Paris	94	Cachan	94016
Paris	94	Champigny-sur-Marne	94017
Paris	94	Charenton-le-Pont	94018
Paris	94	Chennevières-sur-Marne	94019
Paris	94	Chevilly-Larue	94021
Paris	94	Choisy-le-Roi	94022
Paris	94	Créteil	94028
Paris	94	Fontenay-sous-Bois	94033
Paris	94	Fresnes	94034
Paris	94	Gentilly	94037
Paris	94	L'Haÿ-les-Roses	94038
Paris	94	Ivry-sur-Seine	94041
Paris	94	Joinville-le-Pont	94042
Paris	94	Le Kremlin-Bicêtre	94043
Paris	94	Limeil-Brévannes	94044
Paris	94	Maisons-Alfort	94046
Paris	94	Mandres-les-Roses	94047
Paris	94	Marolles-en-Brie	94048
Paris	94	Nogent-sur-Marne	94052
Paris	94	Noiseau	94053
Paris	94	Orly	94054
Paris	94	Ormesson-sur-Marne	94055
Paris	94	Périgny	94056
Paris	94	Le Perreux-sur-Marne	94058
Paris	94	Le Plessis-Trévise	94059
Paris	94	La Queue-en-Brie	94060
Paris	94	Rungis	94065
Paris	94	Saint-Mandé	94067
Paris	94	Saint-Maur-des-Fossés	94068
Paris	94	Saint-Maurice	94069
Paris	94	Santeny	94070
Paris	94	Sucy-en-Brie	94071
Paris	94	Thiais	94073
Paris	94	Valenton	94074
Paris	94	Villecresnes	94075
Paris	94	Villejuif	94076
Paris	94	Villeneuve-le-Roi	94077
Paris	94	Villeneuve-Saint-Georges	94078
Paris	94	Villiers-sur-Marne	94079
Paris	94	Vincennes	94080
Paris	94	Vitry-sur-Seine	94081
Paris	95	Andilly	95014
Paris	95	Argenteuil	95018
Paris	95	Arnouville	95019
Paris	95	Auvers-sur-Oise	95039
Paris	95	Beauchamp	95051
Paris	95	Bessancourt	95060
Paris	95	Bezons	95063
Paris	95	Bonneuil-en-France	95088
Paris	95	Bouffémont	95091
Paris	95	Butry-sur-Oise	95120
Paris	95	Cergy	95127
Paris	95	Champagne-sur-Oise	95134
Paris	95	Cormeilles-en-Parisis	95176
Paris	95	Courdimanche	95183
Paris	95	Deuil-la-Barre	95197
Paris	95	Domont	95199
Paris	95	Eaubonne	95203
Paris	95	Écouen	95205
Paris	95	Enghien-les-Bains	95210
Paris	95	Ennery	95211
Paris	95	Épiais-lès-Louvres	95212
Paris	95	Éragny	95218
Paris	95	Ermont	95219
Paris	95	Ézanville	95229
Paris	95	Franconville	95252
Paris	95	Frépillon	95256
Paris	95	La Frette-sur-Seine	95257
Paris	95	Garges-lès-Gonesse	95268
Paris	95	Gonesse	95277
Paris	95	Goussainville	95280
Paris	95	Groslay	95288
Paris	95	Herblay-sur-Seine	95306
Paris	95	L'Isle-Adam	95313
Paris	95	Jouy-le-Moutier	95323
Paris	95	Margency	95369
Paris	95	Mériel	95392
Paris	95	Méry-sur-Oise	95394
Paris	95	Montigny-lès-Cormeilles	95424
Paris	95	Montlignon	95426
Paris	95	Montmagny	95427
Paris	95	Montmorency	95428
Paris	95	Nesles-la-Vallée	95446
Paris	95	Neuville-sur-Oise	95450
Paris	95	Osny	95476
Paris	95	Parmain	95480
Paris	95	Pierrelaye	95488
Paris	95	Piscop	95489
Paris	95	Le Plessis-Bouchard	95491
Paris	95	Pontoise	95500
Paris	95	Puiseux-Pontoise	95510
Paris	95	Roissy-en-France	95527
Paris	95	Saint-Brice-sous-Forêt	95539
Paris	95	Saint-Gratien	95555
Paris	95	Saint-Leu-la-Forêt	95563
Paris	95	Saint-Ouen-l'Aumône	95572
Paris	95	Saint-Prix	95574
Paris	95	Sannois	95582
Paris	95	Sarcelles	95585
Paris	95	Soisy-sous-Montmorency	95598
Paris	95	Taverny	95607
Paris	95	Le Thillay	95612
Paris	95	Valmondois	95628
Paris	95	Vaudherland	95633
Paris	95	Vauréal	95637
Paris	95	Villiers-Adam	95678
Paris	95	Villiers-le-Bel	95680
Pointe-à-Pitre-Les Abymes	971	Les Abymes	97101
Pointe-à-Pitre-Les Abymes	971	Baie-Mahault	97103
Pointe-à-Pitre-Les Abymes	971	Le Gosier	97113
Pointe-à-Pitre-Les Abymes	971	Lamentin	97115
Pointe-à-Pitre-Les Abymes	971	Morne-à-l'Eau	97116
Pointe-à-Pitre-Les Abymes	971	Le Moule	97117
Pointe-à-Pitre-Les Abymes	971	Petit-Bourg	97118
Pointe-à-Pitre-Les Abymes	971	Petit-Canal	97119
Pointe-à-Pitre-Les Abymes	971	Pointe-à-Pitre	97120
Pointe-à-Pitre-Les Abymes	971	Saint-François	97125
Pointe-à-Pitre-Les Abymes	971	Sainte-Anne	97128
Rennes	35	Betton	35024
Rennes	35	Bruz	35047
Rennes	35	Cesson-Sévigné	35051
Rennes	35	Chantepie	35055
Rennes	35	La Chapelle-des-Fougeretz	35059
Rennes	35	Chartres-de-Bretagne	35066
Rennes	35	Melesse	35173
Rennes	35	Montgermont	35189
Rennes	35	Noyal-Châtillon-sur-Seiche	35206
Rennes	35	Pacé	35210
Rennes	35	Rennes	35238
Rennes	35	Saint-Grégoire	35278
Rennes	35	Saint-Jacques-de-la-Lande	35281
Rennes	35	Thorigné-Fouillard	35334
Rennes	35	Vezin-le-Coquet	35353
Rennes	35	Pont-Péan	35363
Saint-Cyprien	66	Alénya	66002
Saint-Cyprien	66	Argelès-sur-Mer	66008
Saint-Cyprien	66	Collioure	66053
Saint-Cyprien	66	Corneilla-del-Vercol	66059
Saint-Cyprien	66	Elne	66065
Saint-Cyprien	66	Laroque-des-Albères	66093
Saint-Cyprien	66	Latour-Bas-Elne	66094
Saint-Cyprien	66	Palau-del-Vidre	66133
Saint-Cyprien	66	Port-Vendres	66148
Saint-Cyprien	66	Saint-André	66168
Saint-Cyprien	66	Saint-Cyprien	66171
Saint-Cyprien	66	Sorède	66196
Saint-Cyprien	66	Théza	66208
Saint-Cyprien	66	Villelongue-dels-Monts	66225
Saint-Denis	974	Saint-Denis	97411
Saint-Denis	974	Sainte-Marie	97418
Saint-Louis	974	Saint-Louis	97414
Saint-Nazaire	44	Batz-sur-Mer	44010
Saint-Nazaire	44	Le Croisic	44049
Saint-Nazaire	44	Donges	44052
Saint-Nazaire	44	La Baule-Escoublac	44055
Saint-Nazaire	44	Guérande	44069
Saint-Nazaire	44	Montoir-de-Bretagne	44103
Saint-Nazaire	44	La Plaine-sur-Mer	44126
Saint-Nazaire	44	Pornichet	44132
Saint-Nazaire	44	Le Pouliguen	44135
Saint-Nazaire	44	Préfailles	44136
Saint-Nazaire	44	Saint-André-des-Eaux	44151
Saint-Nazaire	44	Saint-Brevin-les-Pins	44154
Saint-Nazaire	44	Saint-Joachim	44168
Saint-Nazaire	44	Saint-Malo-de-Guersac	44176
Saint-Nazaire	44	Saint-Michel-Chef-Chef	44182
Saint-Nazaire	44	Saint-Nazaire	44184
Saint-Nazaire	44	Trignac	44210
Saint-Paul	974	Le Port	97407
Saint-Paul	974	La Possession	97408
Saint-Paul	974	Saint-Paul	97415
Saint-Pierre	974	Entre-Deux	97403
Saint-Pierre	974	Saint-Pierre	97416
Saint-Pierre	974	Le Tampon	97422
Salon-de-Provence	13	La Barben	13009
Salon-de-Provence	13	Grans	13044
Salon-de-Provence	13	Pélissanne	13069
Salon-de-Provence	13	Salon-de-Provence	13103
Sète	34	Balaruc-les-Bains	34023
Sète	34	Balaruc-le-Vieux	34024
Sète	34	Frontignan	34108
Sète	34	Gigean	34113
Sète	34	Montbazin	34165
Sète	34	Poussan	34213
Sète	34	Sète	34301
Strasbourg (partie française)	67	Achenheim	67001
Strasbourg (partie française)	67	Bischheim	67043
Strasbourg (partie française)	67	Eckbolsheim	67118
Strasbourg (partie française)	67	Eschau	67131
Strasbourg (partie française)	67	Fegersheim	67137
Strasbourg (partie française)	67	Hœnheim	67204
Strasbourg (partie française)	67	Illkirch-Graffenstaden	67218
Strasbourg (partie française)	67	Lampertheim	67256
Strasbourg (partie française)	67	Lingolsheim	67267
Strasbourg (partie française)	67	Lipsheim	67268
Strasbourg (partie française)	67	Mittelhausbergen	67296
Strasbourg (partie française)	67	Mundolsheim	67309
Strasbourg (partie française)	67	Niederhausbergen	67326
Strasbourg (partie française)	67	Oberhausbergen	67343
Strasbourg (partie française)	67	Oberschaeffolsheim	67350
Strasbourg (partie française)	67	Ostwald	67365
Strasbourg (partie française)	67	Plobsheim	67378
Strasbourg (partie française)	67	Reichstett	67389
Strasbourg (partie française)	67	Schiltigheim	67447
Strasbourg (partie française)	67	Souffelweyersheim	67471
Strasbourg (partie française)	67	Strasbourg	67482
Strasbourg (partie française)	67	Vendenheim	67506
Strasbourg (partie française)	67	Wolfisheim	67551
Thonon-les-Bains	74	Allinges	74005
Thonon-les-Bains	74	Anthy-sur-Léman	74013
Thonon-les-Bains	74	Armoy	74020
Thonon-les-Bains	74	Évian-les-Bains	74119
Thonon-les-Bains	74	Excenevex	74121
Thonon-les-Bains	74	Lugrin	74154
Thonon-les-Bains	74	Margencel	74163
Thonon-les-Bains	74	Marin	74166
Thonon-les-Bains	74	Maxilly-sur-Léman	74172
Thonon-les-Bains	74	Neuvecelle	74200
Thonon-les-Bains	74	Publier	74218
Thonon-les-Bains	74	Sciez	74263
Thonon-les-Bains	74	Thonon-les-Bains	74281
Toulon	13	Ceyreste	13023
Toulon	13	La Ciotat	13028
Toulon	83	Bandol	83009
Toulon	83	Le Beausset	83016
Toulon	83	Belgentier	83017
Toulon	83	La Cadière-d'Azur	83027
Toulon	83	Carqueiranne	83034
Toulon	83	Le Castellet	83035
Toulon	83	La Crau	83047
Toulon	83	Cuers	83049
Toulon	83	Évenos	83053
Toulon	83	La Farlède	83054
Toulon	83	La Garde	83062
Toulon	83	Hyères	83069
Toulon	83	Ollioules	83090
Toulon	83	Le Pradet	83098
Toulon	83	Le Revest-les-Eaux	83103
Toulon	83	Saint-Cyr-sur-Mer	83112
Toulon	83	Sanary-sur-Mer	83123
Toulon	83	La Seyne-sur-Mer	83126
Toulon	83	Six-Fours-les-Plages	83129
Toulon	83	Solliès-Pont	83130
Toulon	83	Solliès-Toucas	83131
Toulon	83	Solliès-Ville	83132
Toulon	83	Toulon	83137
Toulon	83	La Valette-du-Var	83144
Toulon	83	Saint-Mandrier-sur-Mer	83153
Toulouse	31	Aucamville	31022
Toulouse	31	Aussonne	31032
Toulouse	31	Auzeville-Tolosane	31035
Toulouse	31	Balma	31044
Toulouse	31	Beaupuy	31053
Toulouse	31	Beauzelle	31056
Toulouse	31	Belberaud	31057
Toulouse	31	Blagnac	31069
Toulouse	31	Bouloc	31079
Toulouse	31	Brax	31088
Toulouse	31	Bruguières	31091
Toulouse	31	Castanet-Tolosan	31113
Toulouse	31	Castelginest	31116
Toulouse	31	Castelmaurou	31117
Toulouse	31	Castelnau-d'Estrétefonds	31118
Toulouse	31	Cépet	31136
Toulouse	31	Colomiers	31149
Toulouse	31	Cornebarrieu	31150
Toulouse	31	Cugnaux	31157
Toulouse	31	Daux	31160
Toulouse	31	Deyme	31161
Toulouse	31	Eaunes	31165
Toulouse	31	Escalquens	31169
Toulouse	31	Fenouillet	31182
Toulouse	31	Fonbeauzard	31186
Toulouse	31	Fonsorbes	31187
Toulouse	31	Fontenilles	31188
Toulouse	31	Frouzins	31203
Toulouse	31	Gagnac-sur-Garonne	31205
Toulouse	31	Gratentour	31230
Toulouse	31	Labarthe-sur-Lèze	31248
Toulouse	31	Labastide-Saint-Sernin	31252
Toulouse	31	Labège	31254
Toulouse	31	Lacroix-Falgarde	31259
Toulouse	31	Lapeyrouse-Fossat	31273
Toulouse	31	Launaguet	31282
Toulouse	31	Léguevin	31291
Toulouse	31	Lespinasse	31293
Toulouse	31	Mervilla	31340
Toulouse	31	Mondonville	31351
Toulouse	31	Mondouzil	31352
Toulouse	31	Montberon	31364
Toulouse	31	Montrabé	31389
Toulouse	31	Muret	31395
Toulouse	31	Péchabou	31409
Toulouse	31	Pechbonnieu	31410
Toulouse	31	Pechbusque	31411
Toulouse	31	Pibrac	31417
Toulouse	31	Pinsaguel	31420
Toulouse	31	Pins-Justaret	31421
Toulouse	31	Plaisance-du-Touch	31424
Toulouse	31	Pompertuzat	31429
Toulouse	31	Portet-sur-Garonne	31433
Toulouse	31	Quint-Fonsegrives	31445
Toulouse	31	Ramonville-Saint-Agne	31446
Toulouse	31	Roques	31458
Toulouse	31	Roquettes	31460
Toulouse	31	Rouffiac-Tolosan	31462
Toulouse	31	Saint-Alban	31467
Toulouse	31	Saint-Geniès-Bellevue	31484
Toulouse	31	Saint-Jean	31488
Toulouse	31	Saint-Jory	31490
Toulouse	31	Saint-Loup-Cammas	31497
Toulouse	31	Saint-Orens-de-Gameville	31506
Toulouse	31	Saint-Rustice	31515
Toulouse	31	Saint-Sauveur	31516
Toulouse	31	La Salvetat-Saint-Gilles	31526
Toulouse	31	Saubens	31533
Toulouse	31	Seilh	31541
Toulouse	31	Seysses	31547
Toulouse	31	Toulouse	31555
Toulouse	31	Tournefeuille	31557
Toulouse	31	L'Union	31561
Toulouse	31	Vacquiers	31563
Toulouse	31	Vieille-Toulouse	31575
Toulouse	31	Vigoulet-Auzil	31578
Toulouse	31	Villate	31580
Toulouse	31	Villeneuve-lès-Bouloc	31587
Toulouse	31	Villeneuve-Tolosane	31588
Toulouse	82	Grisolles	82075
Toulouse	82	Pompignan	82142